"","baseMean","log2FoldChange","lfcSE","stat","pvalue","padj","symbol"
"AT1G56250",38.370232463229,4.25532606331585,0.730952663789917,5.8216164659041,5.82811704393093e-09,3.07144803692787e-07,"AtPP2-B14"
"AT1G56540",437.333603267418,2.02048110741708,0.322934225844972,6.25663353622678,3.93376290481967e-10,2.5597286143034e-08,NA
"AT1G53625",614.890464062047,2.5945847407207,0.74998924579106,3.45949592648363,0.00054118746315302,0.00861007129860666,NA
"AT1G80840",3954.37368518394,5.24605090888239,0.534103915265036,9.82215400214613,9.03911352073739e-23,4.69037282869647e-20,"ATWRKY40"
"AT1G35210",545.253097114377,4.78091205401888,0.609480636879628,7.84423944704105,4.35585274703593e-15,6.27942297716447e-13,NA
"AT1G08630",199.535190897289,2.63780275623631,0.567578573955735,4.64746711253062,3.36035647011297e-06,0.000104782024477159,"THA1"
"AT1G17147",264.258887076674,3.4120608923773,0.412760354441342,8.26644530091902,1.38012340836822e-16,2.49371048349533e-14,NA
"AT1G25400",3210.99551893237,2.34325766091473,0.327345129364696,7.15837032755756,8.16417622066307e-13,8.13883912204722e-11,NA
"AT1G16420",419.038936771891,4.39820851179682,0.807090519161311,5.44946125295491,5.05226283422748e-08,2.28730744913337e-06,"ATMC8"
"AT1G56240",27.4048401884194,6.71669593818799,0.996929393880558,6.73738379008284,1.61263823050328e-11,1.29503809010694e-09,"AtPP2-B13"
"AT1G30190",86.1079542345165,2.51613128889763,0.56786562758446,4.43085682012582,9.38593970897799e-06,0.000258426206653861,NA
"AT1G71520",70.5496828620558,3.87104703739292,0.762401901877635,5.07743622866017,3.8256184685634e-07,1.46073662166637e-05,NA
"AT1G28190",867.491132111075,2.45184116587394,0.416732908345324,5.88348344173057,4.01720302582858e-09,2.20314736134669e-07,NA
"AT1G09932",3543.53396314539,2.36109547181242,0.544313135134089,4.33775214928587,1.43947348735682e-05,0.000380792483184837,NA
"AT1G66400",154.422586173322,2.45237220063949,0.53127670159629,4.61599801623339,3.9121068223985e-06,0.000119953493583149,"CML23"
"AT1G16090",257.590777962965,2.86017641518308,0.486812592726356,5.87531312443026,4.22044830204204e-09,2.28979121416688e-07,"WAKL7"
"AT1G66160",3407.35445242754,2.98095407274593,0.412753090715873,7.22212417010812,5.11817046634731e-13,5.2845110065036e-11,"ATCMPG1"
"AT1G18300",1072.1796411116,3.17202526016277,0.415180000652689,7.64012056259007,2.17018432281591e-14,2.69435706385433e-12,"atnudt4"
"AT1G67880",563.58273685907,2.31723488213599,0.290080405311921,7.98825029096428,1.36867359185487e-15,2.11433950216543e-13,NA
"AT1G52690",49.2512156793174,-53.8906647902839,6.45375374688641,-8.35028216195624,6.81000825027567e-17,1.30013336755499e-14,"LEA7"
"AT1G32960",250.648710190689,2.62145534989672,0.727476806556962,3.60348993434399,0.000313972911658707,0.00551072837227863,"ATSBT3.3"
"AT1G72940",598.278210672522,3.85562231274147,0.380529638202106,10.1322523285129,3.97388616819154e-24,3.21678137542769e-21,"TN11"
"AT1G18740",2483.46908001343,2.25699737509638,0.209133782327314,10.7921223916085,3.75027010340772e-27,5.01911290337086e-24,"B1L"
"AT1G20823",1097.5782577186,3.13668063103088,0.452590744791794,6.93050104785914,4.19352661426166e-12,3.76591827337449e-10,"AtATL80"
"AT1G05575",338.51049871865,4.35151056761838,0.530727551832374,8.19914201287362,2.42108776257181e-16,4.22375457337636e-14,"HUP17"
"AT1G10560",236.895535765572,2.14891596774925,0.323267144190292,6.647492658531,2.98127850923977e-11,2.19389575241765e-09,"ATPUB18"
"AT1G64610",948.418578825891,2.06747173140613,0.409814013965895,5.04490247026591,4.53752759333168e-07,1.70680196851772e-05,NA
"AT1G78850",14108.5438437369,2.7133333212125,0.227850491747857,11.9083935276959,1.07019238065257e-32,3.09392617246657e-29,"GAL1"
"AT1G61360",1668.9342933419,3.05942910277397,0.388476584924555,7.87545304273135,3.39510369869488e-15,4.97874735873103e-13,NA
"AT1G65850",43.6183817094333,2.41110282257631,0.573696622158402,4.20274885619004,2.63693098470204e-05,0.000650775272407502,NA
"AT1G47130",12.2122170227449,3.89931694881685,1.00730948069681,3.8710217897676,0.000108380102554946,0.00223804911775964,NA
"AT1G74360",1495.82765972509,2.45053473916576,0.415425772369335,5.8988510154038,3.66041560178318e-09,2.01841500090698e-07,"GRACE"
"AT1G01560",1671.27939561006,4.37783041972283,0.665943101048207,6.57388058053615,4.90205527543131e-11,3.48080324943521e-09,"ATMPK11"
"AT1G65490",968.477260289198,2.43947064704204,0.3497787409871,6.97432508378779,3.07342665987187e-12,2.81434096451706e-10,"STMP5"
"AT1G68765",79.9736834008673,3.11444828363337,0.688691942796712,4.52226618331833,6.11810531580451e-06,0.000176622107383646,"IDA"
"AT1G56430",116.850920401632,-2.09759963794957,0.457129770253363,-4.58863056936105,4.46163206992671e-06,0.000134160547101199,"ATNAS4"
"AT1G02930",26469.0269182889,2.29692418788147,0.499935854637983,4.59443779951478,4.33917530113411e-06,0.000131258431343873,"ATGST1"
"AT1G14870",1169.02988000483,2.94683606057762,0.523624646844116,5.62776423596214,1.82560377102834e-08,8.85965072285384e-07,"AtPCR2"
"AT1G11700",224.10899975092,-2.23706563168488,0.338389305229211,-6.61092297278599,3.81931190848451e-11,2.79030379393506e-09,NA
"AT1G33610",1860.92013647014,2.01274886062247,0.250990752536657,8.01921521123975,1.06422904989971e-15,1.69581128211185e-13,NA
"AT1G56060",589.802622496237,2.77399272530164,0.604016029370299,4.5925813064822,4.37796855363008e-06,0.000132234253163898,"AthCYSTM3"
"AT1G59865",21.2377583638083,2.86516576598091,0.644121005588711,4.44817936555603,8.66012009300633e-06,0.000240075137427629,NA
"AT1G57990",25519.6678020562,3.23450823281525,0.233825991961377,13.832971286398,1.61221008159895e-43,3.26262954213179e-39,"ATPUP18"
"AT1G69900",1508.68098701574,2.77528048318556,0.41737842643565,6.64931464447276,2.94460912565591e-11,2.19081084102569e-09,NA
"AT1G33760",339.318402556824,5.26449724680759,0.603529824923565,8.72284521725885,2.71297010871149e-18,6.61474410722824e-16,"ERF022"
"AT1G61340",716.447226239531,4.47939539677666,0.488786107590175,9.16432633255696,4.98574021077131e-20,1.60153054992665e-17,"AtFBS1"
"AT1G33600",3112.76851439116,2.06399080236447,0.209958026088396,9.83049250756192,8.3210828771357e-23,4.43141458380513e-20,NA
"AT1G74330",2775.61300107889,2.10034456776013,0.199998463248255,10.5018035321252,8.47452882659707e-26,8.57495199319224e-23,NA
"AT1G78000",167.72889313881,-2.27917726004152,0.464056748466202,-4.91141927700576,9.04195110026153e-07,3.24436107120554e-05,"SEL1"
"AT1G17380",1635.9602822376,2.6000821456132,0.420168507393678,6.18818902383145,6.08593251924692e-10,3.77794528809816e-08,"JAZ5"
"AT1G76980",617.179753663427,2.07952841267844,0.500244051356148,4.15702776882782,3.22414814021779e-05,0.000778604843837558,NA
"AT1G61470",110.029332593928,5.36026923161378,0.56689386683002,9.45550753898175,3.2145864102873e-21,1.22248263803019e-18,"CAF1e"
"AT1G28480",486.731948056455,3.11495128784152,0.734482533510219,4.24101479031044,2.22511472001944e-05,0.000560533615947217,"GRX480"
"AT1G73810",535.983501369741,2.31220438000012,0.538738533379154,4.2918860202874,1.77161887207636e-05,0.000457299121354709,NA
"AT1G32920",3633.8481952173,3.43515256414366,0.435332759419115,7.89086621628786,3.00096223099948e-15,4.46547593152475e-13,NA
"AT1G29290",154.14025824716,3.57905133471092,0.700268456868036,5.11097037087504,3.20508253538233e-07,1.2401769649815e-05,"CEP14"
"AT1G65510",133.108530707238,2.29808734106662,0.584075834121163,3.93457014794058,8.33457247580371e-05,0.00178483326129989,"STMP7"
"AT1G19380",9821.87772401867,2.07951324345147,0.342271793778587,6.07561967199872,1.23509828883859e-09,7.30838715532937e-08,NA
"AT1G02360",644.929389853097,2.1392777099048,0.421967755655409,5.06976583218316,3.98305455066494e-07,1.51513298762794e-05,NA
"AT1G51620",758.991990747957,2.52347564975737,0.55371054745529,4.55739133262787,5.17928712427116e-06,0.000153460078380491,NA
"AT1G04580",22.1285008442631,-38.4237163133777,3.98898157096255,-9.63246273010632,5.8314810108092e-22,2.51088683437757e-19,"AAO4"
"AT1G16410",286.117816457319,-3.99880327473958,1.02206151967286,-3.91248784713028,9.13501366844831e-05,0.00192167642004562,"BUS1"
"AT1G33590",8711.20391603363,2.42468555949241,0.226761469143828,10.6926700053902,1.10153403958357e-26,1.23843024216959e-23,NA
"AT1G24140",962.099184661078,4.5317585852479,0.522761742916553,8.66887955488987,4.36393283492802e-18,1.03897539741692e-15,"AT3-MMP"
"AT1G42990",3454.82166998785,2.95353742992519,0.349838274542485,8.44257945700137,3.10410279178701e-17,6.09880856285377e-15,"ATBZIP60"
"AT1G14540",693.256770330251,3.87470550990422,0.621340772497211,6.23603935459041,4.4878824163992e-10,2.85601498303995e-08,"PER4"
"AT1G34060",381.564478778665,-2.45705076629405,0.5711845566257,-4.30167576800254,1.69511231093529e-05,0.000439231598417381,"TAR4"
"AT1G76600",2020.77161985306,3.20864170591177,0.470256395370937,6.8231750540698,8.90500318987588e-12,7.5017738498044e-10,NA
"AT1G51700",1270.37733679629,3.16280391122321,0.31855118122914,9.92871506242555,3.12253274728637e-23,1.85854985902454e-20,"ADOF1"
"AT1G65860",144.412479970607,-3.42747353274441,0.93170708894998,-3.67870285993758,0.000234423192172858,0.00430492027223423,"FMO"
"AT1G19180",13134.3797739437,2.10619626309684,0.399963582018398,5.26597009774744,1.39450983315651e-07,5.68965634951378e-06,"AtJAZ1"
"AT1G24150",1631.76113752296,2.37256348103268,0.279982298581697,8.47397672299766,2.37154839496354e-17,4.99927342384136e-15,"ATFH4"
"AT1G10340",4761.49822348515,2.39541090791675,0.458639496339217,5.22286224155687,1.76178458185231e-07,7.08811820734497e-06,NA
"AT1G70260",18.7729640345088,-8.15554877113053,1.70694859336484,-4.7778525978066,1.77177182938891e-06,5.995877343034e-05,"RTP1"
"AT1G09930",200.865377909164,3.25362538749631,0.467460991925867,6.96020725513775,3.39772505391172e-12,3.09728657279331e-10,"ATOPT2"
"AT1G42980",64.5063346692501,3.99313183322615,0.700873185697748,5.69736710536418,1.21671755031644e-08,6.17110603151726e-07,NA
"AT1G43000",24.6732138110897,5.34321515445046,0.875283900438544,6.10455093687128,1.0309011115448e-09,6.17229165512786e-08,NA
"AT1G21130",16172.0089415352,2.19698975823901,0.223432968450681,9.83288085672084,8.12603219883288e-23,4.43141458380513e-20,"IGMT4"
"AT1G24145",1791.50261670355,3.01022333135212,0.485603251179953,6.19893570324677,5.68462468802176e-10,3.55060956208322e-08,NA
"AT1G32928",410.245333239624,4.27243044746444,0.442264448521542,9.66035244692822,4.44332630513082e-22,1.95477379210723e-19,NA
"AT1G21326",103.411993094836,5.18061085137412,0.652035751994097,7.94528649008961,1.93742489515228e-15,2.90427167431087e-13,NA
"AT1G36622",307.958452246285,3.02418274318146,0.79753944271197,3.79189113568849,0.000149504452849592,0.00294885147399336,NA
"AT1G58420",639.415431661127,4.0266774753053,0.517502809336353,7.78097703560126,7.19665595515194e-15,9.97525524413766e-13,NA
"AT1G78370",325.711111066351,-2.65282467220605,0.551133783638374,-4.81339513374251,1.4838748226984e-06,5.07249574103843e-05,"ATGSTU20"
"AT1G02920",9558.41675221393,2.31456172631078,0.570425819158467,4.05760337027765,4.95788749165591e-05,0.0011427422456565,"ATGST11"
"AT1G61560",278.505773392672,2.33972984333865,0.506526537892929,4.61916537102194,3.85286699123487e-06,0.00011879887246206,"ATMLO6"
"AT1G69890",4222.63068820116,2.21857117411287,0.316010181544914,7.02056865151209,2.20967054738601e-12,2.04187684326259e-10,"DUF569"
"AT1G64710",1423.25930228786,2.07788084460532,0.216528886824156,9.59632165057391,8.28483988330733e-22,3.49292301496855e-19,NA
"AT1G78860",49.7534735995818,3.64932971020911,0.594534569429512,6.13812871085165,8.34991995673762e-10,5.02908720727676e-08,"GAL2"
"AT1G24147",1357.00857190905,2.18186113446775,0.557378214803552,3.91450737850734,9.0588967731057e-05,0.00190963431247229,NA
"AT1G49000",686.284369114995,2.15853193012345,0.517799981439058,4.16865972865528,3.06396006470302e-05,0.000746153547886824,NA
"AT1G07000",7377.94879664025,2.00899869019158,0.302092498561009,6.6502766528837,2.92542615065217e-11,2.18457007419735e-09,"ATEXO70B2"
"AT1G21110",330.987588054225,3.63000279787608,0.46682687151685,7.77590798507634,7.49081433588144e-15,1.02426763321103e-12,"IGMT3"
"AT1G57630",1319.18011531668,2.66582820196347,0.76511241689323,3.48423073930518,0.000493553793190828,0.00799683595900944,NA
"AT1G08050",1658.31696381831,2.26684548932334,0.56772204565916,3.99287909753687,6.5275855402527e-05,0.00145004114794834,NA
"AT1G62300",1286.78378698185,2.11359382609724,0.451668356576001,4.67952601798348,2.87538870823593e-06,9.13488874231875e-05,"ATWRKY6"
"AT1G02400",2078.54718459789,2.25981364153876,0.398975836180756,5.66403635661521,1.47853058667763e-08,7.35160282127649e-07,"ATGA2OX4"
"AT1G27045",30.5772273320361,-2.58475915491932,0.523250890323538,-4.9398084221531,7.81993629489033e-07,2.83098480858132e-05,"ATHB54"
"AT1G50745",49.7250513924136,4.40742471028271,0.667959771328302,6.59833855191327,4.15790929498249e-11,3.0159000144287e-09,NA
"AT1G72930",3681.22112576369,2.24942335554597,0.390371119326656,5.76226888768298,8.29906416111871e-09,4.28439187317753e-07,"AtTN10"
"AT1G22600",4.33867148816911,5.69855590617217,1.57211081257028,3.62478004769617,0.000289207483570962,0.00515201746921263,NA
"AT1G23710",1293.12336710757,3.51533087526211,0.375870964138668,9.35249383606343,8.56050504839178e-21,3.03927966077727e-18,NA
"AT1G51660",1604.14979628901,2.35823597537277,0.434002271612735,5.43369500488939,5.51988979689337e-08,2.47685165897408e-06,"ATMEK4"
"AT1G27770",9514.31350382379,2.47346687407024,0.294698104692863,8.39322287684241,4.72993729756233e-17,9.11616581816847e-15,"ACA1"
"AT1G30755",1885.08719529595,2.06796126804081,0.36318713048705,5.6939277150806,1.24149662141866e-08,6.26537833607217e-07,"PSI2"
"AT1G59910",3993.06828951705,2.47575716347599,0.216813526574994,11.4188316687873,3.36730141072954e-30,5.67867322074448e-27,"FORMIN7"
"AT1G78410",419.163312867811,4.17426222047759,0.668278972879228,6.24628693985853,4.20324703118672e-10,2.70895255318872e-08,NA
"AT1G13470",2615.29284898877,2.78969966761301,0.705668401911571,3.95327275538489,7.70894759144781e-05,0.00166317667812505,NA
"AT1G72520",7973.62189638194,4.73154733306609,0.413828119081985,11.4336051971584,2.84064810175408e-30,5.22601778501794e-27,"ATLOX4"
"AT1G14480",107.057169929709,2.41795468243927,0.301979486543408,8.00701633781903,1.17524882512437e-15,1.85808675578452e-13,NA
"AT1G74670",2589.43766413064,-2.00604613885853,0.568872229905636,-3.52635624205332,0.00042131982772469,0.00701171821847414,"GASA6"
"AT1G72950",101.220413323999,4.01447826912794,0.560166607905598,7.16657903643639,7.68950141874734e-13,7.70358614906881e-11,"TN12"
"AT1G19770",13115.8140624802,2.24583984796731,0.256502785148522,8.75561583733643,2.02992024153509e-18,5.19104555573968e-16,"ATPUP14"
"AT1G27730",4444.97687832951,5.19521354503874,0.51466638593441,10.0943323423124,5.85279869260908e-24,4.38678100527148e-21,"STZ"
"AT1G20510",6120.68580487184,2.1196711903079,0.274201035358383,7.73035443698257,1.07247559115397e-14,1.41854173452176e-12,"OPCL1"
"AT1G26380",1158.80752663495,3.45306291908612,0.741038938973835,4.6597590726714,3.16579712447128e-06,9.94817335526789e-05,"AtBBE3"
"AT1G60190",88.89943764503,3.12162786056462,0.809025697381051,3.85850272824441,0.000114083794517481,0.00233675480733833,"AtPUB19"
"AT1G66090",3533.709693459,5.04797272766512,0.534060922064826,9.45205409927443,3.32245614921483e-21,1.22248263803019e-18,"TN3"
"AT1G30730",1116.67018033378,2.15280647952255,0.427526620581273,5.03549106859253,4.7662535339914e-07,1.78289598460969e-05,"AtBBE11"
"AT1G18570",1941.36929594309,3.06444568921584,0.443091152040964,6.91606157130517,4.64372632244576e-12,4.12171445558486e-10,"AtMYB51"
"AT1G59590",710.018420597497,2.95191203515564,0.402938315683927,7.32596509256066,2.37185530864289e-13,2.56680405780782e-11,"ZCF37"
"AT1G05675",643.856039280966,4.08215882312439,0.482776578557238,8.45558588472495,2.7768948118999e-17,5.61960203084182e-15,NA
"AT1G35140",7445.82312014771,2.69521983084919,0.72185415105634,3.73374569766633,0.000188652980245352,0.00357469134946178,"EXL1"
"AT1G19050",394.584934261335,2.5727406469158,0.58903818545021,4.36769756267909,1.25563200773681e-05,0.000337005635816575,"ARR7"
"AT1G79680",240.245737904851,4.19012326238363,0.495347393769169,8.45895893486062,2.69775011571153e-17,5.5708539889443e-15,"ATWAKL10"
"AT1G62560",64.4862901330244,-3.54385680247216,0.791519793380159,-4.47728134168096,7.55995934864562e-06,0.000214573488553354,"FMO"
"AT1G73540",2000.80768717742,3.70954855337648,0.363742743105596,10.1982750822869,2.01825013223701e-24,1.77579686635132e-21,"atnudt21"
"AT1G09950",358.097550028473,3.22353320927138,0.510154442825787,6.31873985339806,2.63704760834147e-10,1.74970270327889e-08,"RAS1"
"AT1G72240",48.2068314654639,2.73921015143336,0.778987236583403,3.51637359739987,0.000437484915846674,0.00722725080978706,NA
"AT1G68330",298.596660536753,2.03250973492468,0.45305356430586,4.4862459873564,7.2489046035385e-06,0.000206905617012424,NA
"AT1G02390",446.047565288254,2.50135953172314,0.349781716783132,7.15120148282081,8.60216188169426e-13,8.53342892156111e-11,"ATGPAT2"
"AT1G17420",6000.17516700685,2.52617824025328,0.414615185666636,6.09282613754626,1.10934527310538e-09,6.58352501226792e-08,"ATLOX3"
"AT1G21120",1258.00956880665,4.16281056825294,0.465998063590468,8.93310700945602,4.14208684754164e-19,1.23269722843677e-16,"IGMT2"
"AT1G73600",664.244310849655,-2.68365826292938,0.538561682656461,-4.98301002346139,6.26027063451752e-07,2.30343812419511e-05,"AtPMT3"
"AT1G76650",1757.59689292616,2.72620315881674,0.517682366860364,5.26616963090823,1.39299579009369e-07,5.68965634951378e-06,"CML38"
"AT1G50750",64.9723443279413,3.89829333074864,0.571690953946756,6.81888230666616,9.1751526976653e-12,7.6726266587873e-10,NA
"AT1G29690",3131.11405474805,2.55028932902588,0.25548833858803,9.98201852624738,1.82711392063681e-23,1.15547826287272e-20,"CAD1"
"AT1G05020",257.038594409841,2.0908480974699,0.448140408244126,4.66560939162377,3.07703741362796e-06,9.71450953815742e-05,"AP180"
"AT1G72920",201.408611598433,4.61202689120802,0.508606157910752,9.06797296783285,1.21251631626893e-19,3.71783222611127e-17,"TN9"
"AT1G28370",822.957020659649,5.62376901011158,0.629865632132642,8.92852177228695,4.31738940787235e-19,1.2481572778159e-16,"ATERF11"
"AT1G73805",3153.98741823453,2.523971013802,0.466298497794068,5.41277963738296,6.20538386360953e-08,2.75391125543566e-06,"SARD1"
"AT1G30370",184.227073010966,7.03930792262081,0.69845950492367,10.0783336370948,6.88844002999614e-24,4.97862003167971e-21,"DLAH"
"AT1G63720",525.463741455417,2.98499690426054,0.447254575733827,6.67404441723809,2.48848246072812e-11,1.89321126156973e-09,NA
"AT1G55450",11147.1097223026,2.76505727261288,0.320000095105763,8.64080140882145,5.5820071788661e-18,1.2984261986059e-15,NA
"AT1G07370",27.2819748857515,-2.62604120511892,0.659128005659152,-3.98411413651402,6.77323149042452e-05,0.00149151126955083,"ATPCNA1"
"AT1G07160",304.975428035578,6.26133298914754,0.807412969221479,7.75480854015118,8.84768593206525e-15,1.18576569673645e-12,NA
"AT1G51670",25.7019005188125,4.21278608824872,1.01073963173752,4.16802305555852,3.07252863130759e-05,0.000747340888362641,"HTT5"
"AT1G72900",1552.48067818479,2.9976402935914,0.494381366639119,6.06341681922565,1.3325971531548e-09,7.81674451837498e-08,"TN7"
"AT1G19020",3769.17559340307,3.69231189816559,0.516972025762853,7.14218896606087,9.18561982407531e-13,9.06777504291766e-11,"HUP35"
"AT1G16130",1566.42079600101,3.10484173288115,0.463447213622152,6.69945064210165,2.09204513745844e-11,1.64734309131309e-09,"WAKL2"
"AT1G07135",5127.57445855114,4.29921195927164,0.356334548968726,12.0650999789778,1.61466166875078e-33,5.44598469841826e-30,NA
"AT1G64065",534.222763681922,3.04999435715151,0.366276921796782,8.32701755324817,8.2904455443371e-17,1.56797893907243e-14,NA
"AT1G06135",6.71716656828743,7.75879784418341,1.52005927416703,5.10427321884215,3.32068223400649e-07,1.27757882831919e-05,"CTNIP1"
"AT1G65390",12088.2175222406,3.16424335808355,0.561360078115758,5.6367445449711,1.73294884158498e-08,8.47093857660752e-07,"ATPP2-A5"
"AT1G72910",1521.50112262999,4.25812708450672,0.576579491507743,7.38515182593784,1.52279521455685e-13,1.68397851131076e-11,"TN8"
"AT1G20310",112.466569152438,5.14968777095562,0.67719344269733,7.60445604795565,2.86104680364642e-14,3.53042708325565e-12,NA
"AT1G21100",553.105038169364,2.29968903836391,0.363235116881914,6.33113080614264,2.43370908043904e-10,1.62544457626551e-08,"IGMT1"
"AT1G06983",14.5923283209277,3.91758775509369,1.11829138657172,3.50319049411943,0.000459720565420804,0.00752483970403396,NA
"AT1G05207",24.7571571299981,-2.46032525382993,0.581104602169511,-4.23387673173554,2.29696881839793e-05,0.00057387355528295,NA
"AT5G04950",54.6598917727019,-3.37516138509469,0.918119569641038,-3.67616756760156,0.000236764035720808,0.00433610297817374,"ATNAS1"
"AT5G08760",700.484886947546,2.31178091407112,0.43607210101493,5.30137311855219,1.14934914809188e-07,4.82677544136809e-06,"STMP8"
"AT5G52750",1687.35660276115,3.58576316058458,0.496193576872307,7.22654086573828,4.95451586448942e-13,5.16827513142641e-11,NA
"AT5G43420",539.153308125655,2.33174387955147,0.477517490004218,4.88305439771614,1.04455039250786e-06,3.68910406512768e-05,"ATL16"
"AT5G26030",5461.96902495429,2.77718415744352,0.354066265795241,7.84368471592712,4.37514769867169e-15,6.27942297716447e-13,"ATFC-I"
"AT5G26920",4439.74333776577,3.23943946245206,0.506990119358099,6.38955147006321,1.66373032073501e-10,1.12605051841854e-08,"CBP60G"
"AT5G08240",1030.66858777216,2.17814537940596,0.546436792470853,3.98608843587732,6.71714842060679e-05,0.00148288499112103,NA
"AT5G36925",478.302107671258,3.60944080349904,0.595211681962831,6.06412964140115,1.32670112426743e-09,7.80478216622091e-08,"ARACIN1"
"AT5G07690",68.175284648264,-3.43145623815025,0.870026509410623,-3.94408239408107,8.01061147252627e-05,0.00172274967449005,"ATMYB29"
"AT5G41180",568.171568389152,2.14994331493455,0.392149888208065,5.48245295888965,4.19468559507099e-08,1.92926937244208e-06,NA
"AT5G05300",575.898334253286,4.64040460724842,0.61625615407458,7.52999313121153,5.07429920988685e-14,6.14901755152576e-12,"IDL6"
"AT5G05250",150.715852672001,-2.74115375339574,0.656949728503208,-4.17254720485412,3.01213168075382e-05,0.000736490554642486,NA
"AT5G67450",523.685350201107,3.42291913162596,0.576074328231233,5.94180119453617,2.8190718574978e-09,1.56842535183346e-07,"AZF1"
"AT5G18470",131.582531632259,3.72554244632798,0.553628862993979,6.72931397792477,1.7046486276172e-11,1.36351676984543e-09,NA
"AT5G52390",29.0424499428821,-4.10390834927641,1.12808879332015,-3.63793025298826,0.000274837824286843,0.00494390493341586,NA
"AT5G44070",8208.98250520075,2.36806842952616,0.285965874077969,8.2809476381105,1.2219891573104e-16,2.24812677968097e-14,"ARA8"
"AT5G15870",1476.98580535783,2.51466707342583,0.296350670671072,8.48544417912563,2.14896270279247e-17,4.57774297014855e-15,NA
"AT5G57010",275.565697656831,3.73513242347316,0.611967367738753,6.10348299660918,1.03781613562097e-09,6.19536434706834e-08,NA
"AT5G44060",539.608738062889,2.26157124509881,0.26308204934297,8.59644833521305,8.22211161941293e-18,1.84878747602288e-15,NA
"AT5G67100",57.2874131411582,-2.20679043945222,0.399587087921867,-5.5226770487732,3.33873083931183e-08,1.54967651365031e-06,"ICU2"
"AT5G12880",104.145468909753,2.53222214666078,0.580739922647429,4.36033764497729,1.29861905167563e-05,0.000347621081332801,NA
"AT5G11000",2792.46802459573,2.03978661970114,0.288220269704484,7.07717962304511,1.47117794686951e-12,1.41100607160181e-10,NA
"AT5G58680",112.582753400889,2.64602590143531,0.478175714657666,5.53358487335487,3.13751053410285e-08,1.46299079904699e-06,NA
"AT5G28610",118.472411462384,4.67120194313617,0.62670254038435,7.45361896933013,9.08140310297437e-14,1.03830708810674e-11,NA
"AT5G04190",258.063474781386,-2.27396038820897,0.457959402246256,-4.96541915518137,6.85528462978948e-07,2.49964675771261e-05,"PKS4"
"AT5G45820",794.871167963323,-2.65878083975838,0.65697259687094,-4.04701939231825,5.18739452345929e-05,0.00118653592687317,"CIPK20"
"AT5G54720",3710.11322121779,2.51491395485103,0.402953379539254,6.24120328194453,4.34217492352679e-10,2.78077828884214e-08,NA
"AT5G27765",7.73269062734425,5.51516848638176,1.5484090331233,3.56182918621774,0.00036827997197555,0.00629998460935689,NA
"AT5G56960",96.1523960284329,4.19109514875244,0.765037012239501,5.47829069927455,4.29454175609555e-08,1.96126804479713e-06,NA
"AT5G35735",12664.0498080318,2.4479421562989,0.358086837742782,6.83616904695414,8.13389563692944e-12,6.9453859073646e-10,NA
"AT5G39670",428.46341748123,3.41090472713839,0.574063724717542,5.94168309244181,2.82110405725839e-09,1.56842535183346e-07,"CML46"
"AT5G22520",502.905608588579,4.23049288243963,0.491167125721704,8.61314339029408,7.10840937448516e-18,1.63469182399382e-15,NA
"AT5G14200",357.573038818744,-2.59872383378018,0.657403515766187,-3.95301176744002,7.71736402545022e-05,0.00166321933741252,"ATIMD1"
"AT5G22690",1806.58526537352,2.23855989425601,0.195700750916061,11.4386883227452,2.67905181842284e-30,5.22601778501794e-27,NA
"AT5G07700",11.0759144475061,-3.576367180735,1.03823924393027,-3.44464650285863,0.000571806668550792,0.00900174666718832,"AtMYB76"
"AT5G63920",11.9331995417883,-2.79400725809583,0.80149619513176,-3.48598942211637,0.000490320392749915,0.0079570030046579,"AtTOP3alpha"
"AT5G66590",275.679147512636,-2.03111655642107,0.425070402765471,-4.77830623634768,1.76778002494011e-06,5.99238934082297e-05,NA
"AT5G48540",1911.49054198413,2.34462099435697,0.377433315849842,6.21201387343812,5.23098074082973e-10,3.27737948149137e-08,NA
"AT5G61600",2578.95235948764,3.00739400295582,0.476980489331603,6.3050671258485,2.88069021428168e-10,1.89274441124735e-08,"ERF104"
"AT5G64660",1646.44832016877,2.81830845843387,0.367463447925358,7.66962938584941,1.72494025165419e-14,2.18172599204537e-12,"ATCMPG2"
"AT5G44990",57.6934439195911,3.85376555594049,1.03363774873184,3.72835218205667,0.000192735906335962,0.00364215598785997,NA
"AT5G54490",263.08530657478,3.48826741513825,0.484867595795358,7.19426797209706,6.27967565264497e-13,6.32247742201872e-11,"PBP1"
"AT5G46910",649.431773920531,2.21848334011258,0.328711479082498,6.74902910693848,1.48837732274528e-11,1.20965027632114e-09,"JMJ13"
"AT5G45340",1676.73616690067,4.50438442734902,0.334902359135688,13.4498438260449,3.08523218231296e-41,3.12179218367337e-37,"CYP707A3"
"AT5G09876",61.0111571398246,4.11971842710162,0.581850649865143,7.08037093033489,1.43769114003864e-12,1.38545502861723e-10,NA
"AT5G52760",2050.68382297576,3.35552968691013,0.602631489369092,5.56812869241716,2.57489627900059e-08,1.22896641505035e-06,NA
"AT5G25930",2155.10991999554,2.42614934767932,0.356209895114452,6.81101053326939,9.69155344650112e-12,8.07110975707174e-10,"HSL3"
"AT5G46080",359.329502458625,3.23633155101053,0.441850907745119,7.32448772715298,2.39813007537728e-13,2.58143395401117e-11,NA
"AT5G09800",172.081535527624,3.28098688984052,0.6315414825829,5.19520408449153,2.04495377358709e-07,8.16247130494713e-06,"PUB28"
"AT5G23420",70.2037767013367,-2.13572962617305,0.414938654682539,-5.14709729274814,2.64548133923268e-07,1.03753112135759e-05,"HMGB6"
"AT5G59820",1547.94144986991,4.07806656301943,0.594749730529734,6.85677748754449,7.0431202997392e-12,6.06517555343924e-10,"AtZAT12"
"AT5G47850",470.028681592743,5.27306614062115,0.524685102116636,10.0499635292655,9.19014266745463e-24,6.19936390537598e-21,"CCR4"
"AT5G66800",12.5569162244439,3.54153485526629,0.806455275529513,4.39148327592121,1.12579996428603e-05,0.000304990814956577,NA
"AT5G47960",157.718408116191,3.91802495781404,0.56549936700163,6.9284338523455,4.25525052748082e-12,3.79354647245063e-10,"ATRABA4C"
"AT5G61160",1258.02108605122,3.18906539649664,0.555450298650527,5.74140549432509,9.38939545549167e-09,4.81046065399455e-07,"AACT1"
"AT5G11140",121.319115815166,7.1104390849446,1.06960390536749,6.64773104255038,2.97645548707861e-11,2.19389575241765e-09,NA
"AT5G27093",6.72035975964757,2.91341837096096,0.801759463549033,3.63378108200252,0.000279297865586148,0.00501967220769705,NA
"AT5G28630",730.924222586275,3.00927487455611,0.377871781637152,7.96374596038436,1.66907750126926e-15,2.53963318745759e-13,NA
"AT5G66070",1288.76758635742,2.00075223445414,0.315617490475242,6.3391678054391,2.31009526325854e-10,1.55079007092788e-08,"AtARRE"
"AT5G54860",769.747682840798,2.05193341802415,0.460953119059329,4.4515013201593,8.52720086209958e-06,0.000237365837477729,NA
"AT5G22530",93.1865523130789,4.9737734234121,0.747201050555019,6.65653965518062,2.80349518569106e-11,2.10908297668513e-09,NA
"AT5G52050",632.738855569214,3.79023811677888,0.737495629374965,5.13933637815745,2.75710451018963e-07,1.07921709811814e-05,"AtDTX50"
"AT5G17350",382.495228846671,3.86142243453535,0.529143155267424,7.29750048941638,2.93162663703761e-13,3.10614284050943e-11,NA
"AT5G42380",935.474519402509,3.19383341433312,0.765534354533539,4.17203146458294,3.01895934859538e-05,0.000736968399728886,"AtCML37"
"AT5G19060",11.3699618179428,-5.21644224202651,1.46014225648526,-3.57255754968912,0.000353511761664629,0.00609371168722921,NA
"AT5G24110",386.164959837039,2.99607435352803,0.453162723942797,6.61147573538335,3.80507496706256e-11,2.78997471407409e-09,"ATWRKY30"
"AT5G35580",97.1627743955026,2.14237609092492,0.536375436860473,3.99417263300634,6.49205509720027e-05,0.00144373317584661,"PBL13"
"AT5G66650",249.300808395979,4.41221789982862,0.39232572346694,11.246313040191,2.41476406948217e-29,3.75904465185466e-26,"cMCU"
"AT5G50800",36.0341330744238,-4.06899484858002,0.714416743797632,-5.69554798918965,1.22976288009631e-08,6.22167785112726e-07,"AtSWEET13"
"AT5G41740",4924.70562697818,3.79253935269885,0.448436178861891,8.45725552814256,2.73743637381558e-17,5.59570706029353e-15,NA
"AT5G49520",2673.54221722264,2.53561448548314,0.326521568429431,7.76553444135237,8.13016680470669e-15,1.10422943373724e-12,"ATWRKY48"
"AT5G03210",125.834123268864,4.33683800711769,0.88581338679454,4.89588221601758,9.78656733669519e-07,3.46848972316463e-05,"AtDIP2"
"AT5G40020",11.5878150276114,-2.5980225463738,0.727785073618211,-3.56976618585708,0.000357299993985633,0.00615163916991166,NA
"AT5G65600",112.66791618218,2.32452884822827,0.549440531656947,4.23071963988204,2.32944862216328e-05,0.000579940654666014,"LecRK-IX.2"
"AT5G22545",59.0501400173388,3.03408788865596,0.807100693206831,3.75924331894785,0.000170428028356371,0.00327535803404357,NA
"AT5G66210",9813.95653549183,2.48735770511723,0.198524892767184,12.5291980791257,5.16826048020974e-36,2.09180174676009e-32,"CPK28"
"AT5G22250",880.380425532008,3.89338810824585,0.504932750148527,7.710706241773,1.25123370901073e-14,1.63362687543549e-12,"AtCAF1b"
"AT5G06320",5748.60226913171,2.77739068382248,0.434085108070132,6.39826299540723,1.5715443704578e-10,1.07081964393786e-08,"NHL3"
"AT5G03204",3.60047383359368,-29.6424299468719,6.46137672102947,-4.58763375464495,4.48298206053399e-06,0.000134602534063837,NA
"AT5G25250",11189.5236250222,2.6623435623274,0.45419065457633,5.86173126968197,4.58065923779155e-09,2.47196802653834e-07,"FLOT1"
"AT5G19100",23.9165827087741,-5.7768792203869,1.38662581336435,-4.16614140939043,3.09798577440537e-05,0.000752628308723188,NA
"AT5G27420",2319.61439203335,4.31057067613629,0.578893047867548,7.44622982088836,9.60454340192508e-14,1.09195025182448e-11,"ATL31"
"AT5G54710",15739.8714432388,2.6380555631168,0.400630412893144,6.58476111203376,4.55617352817728e-11,3.25806656147433e-09,NA
"AT5G57220",1292.95410819768,3.43987552095645,0.391273943054183,8.79147610522099,1.47607621768698e-18,3.93044137070151e-16,"CYP81F2"
"AT5G02760",554.456536543188,-2.40788568917038,0.566026179281029,-4.25401823680469,2.09968189673066e-05,0.000533140057015539,"APD7"
"AT5G19230",1149.6695273058,2.28521835827623,0.370983525333931,6.15989175319645,7.27946856501449e-10,4.45059230665252e-08,NA
"AT5G62280",1050.26608994322,-2.0897930706516,0.367202490687083,-5.69111899742655,1.26209508854617e-08,6.33772166424537e-07,NA
"AT5G20230",28484.5902131725,2.273651056697,0.430442323524593,5.28212708750304,1.27692566163616e-07,5.26296224328535e-06,"ATBCB"
"AT5G63130",179.897838588793,3.45642934479107,0.559251890666421,6.18045178295649,6.39184168140663e-10,3.95570948338306e-08,NA
"AT5G10520",119.339975859316,2.32888456769906,0.491118755986774,4.74199883288875,2.11619843545675e-06,6.9073399577965e-05,"RBK1"
"AT5G38310",24.1297574126268,3.63015448143926,0.883424270829056,4.1091858140059,3.970565071849e-05,0.000939793279052729,NA
"AT5G14700",214.249098180078,2.76794938987727,0.44516134067075,6.21785662184106,5.03991752769754e-10,3.17734613732134e-08,NA
"AT5G65300",437.658083307548,2.21324147693431,0.487021579868436,4.54444231718067,5.50808877886539e-06,0.000161079758118351,"SUPA"
"AT5G48657",2384.26113440577,2.23103670009291,0.412246685962195,5.4118972354759,6.2360475464258e-08,2.76146376798728e-06,"NOI10"
"AT5G37770",2389.28365997745,2.37420148829698,0.398417400859182,5.95908081117201,2.53660646939156e-09,1.42989707858153e-07,"AtCML24"
"AT5G50740",97.6552977252954,-3.14047395121757,0.681204459912952,-4.61017820056386,4.02323957629066e-06,0.000122802864714018,"AtHMP52"
"AT5G47230",847.845019342269,5.41389963437743,0.558351018434301,9.69622953238056,3.12846556874972e-22,1.40690572699529e-19,"ATERF-5"
"AT5G19240",8092.2154701841,3.22618059071658,0.481895191192317,6.69477647771143,2.16001537855626e-11,1.68123966214781e-09,NA
"AT5G23010",1257.25399430651,-2.94166232253451,0.697156600734749,-4.21951440958062,2.44829075462519e-05,0.000608673955790541,"GSM1"
"AT5G41550",196.593711601272,4.3598645297108,0.494443969687453,8.81771200984966,1.16822256098885e-18,3.28351666204602e-16,NA
"AT5G38710",1346.70456695442,2.01746089791856,0.552592051727277,3.65090466215075,0.000261318235472407,0.0047301405467398,"PDH2"
"AT5G04340",1573.68293332355,4.35156385708982,0.537268873953805,8.09941552181557,5.5223858814699e-16,9.31304359027553e-14,"AtZAT6"
"AT5G16200",205.435592318382,2.37178609062675,0.365982081266243,6.48060714453758,9.13542531671434e-11,6.37495179773614e-09,NA
"AT5G41750",7038.38237987545,4.42560264769642,0.410274547511301,10.7869295683631,3.96826636625655e-27,5.01911290337086e-24,NA
"AT5G57560",31345.9211615298,2.26979085741987,0.52201754570579,4.34811219678644,1.37314358050558e-05,0.000365155146369138,"AtXTH22"
"AT5G41100",1236.91805973738,2.04480033457576,0.228551260694465,8.94679087904627,3.65966677106551e-19,1.1053832305381e-16,NA
"AT5G03390",22.4870610430602,3.23910220460154,0.5848132107288,5.53869533926044,3.04733225481097e-08,1.42751997316226e-06,"AtDOA11"
"AT5G58430",5531.24825334357,2.2014779701434,0.186376108065687,11.8120181443402,3.38341199282819e-32,8.558763562358e-29,"ATEXO70B1"
"AT5G47910",5519.15987495626,2.424952898261,0.262806808072666,9.22713119970053,2.77977025496771e-20,9.22200174586583e-18,"ATRBOHD"
"AT5G59550",2106.76867120666,3.18109101187776,0.349584019983308,9.0996465228292,9.06262971269852e-20,2.82154519224431e-17,"AtRDUF2"
"AT5G42010",295.496955055072,2.02586120913223,0.447180625840996,4.53029736098756,5.89007253095956e-06,0.000170769910901187,NA
"AT5G66675",1441.88706973491,2.34213916501193,0.266777775459577,8.77936387683394,1.64401832310798e-18,4.26538446214566e-16,NA
"AT5G64905",29.6333629544051,3.37097976651213,0.90828907083307,3.71135123691438,0.000206155811808028,0.003850716010096,"PROPEP3"
"AT5G12920",7.07666282369605,-2.85941097376127,0.798996109967656,-3.57875456224313,0.000345235494851828,0.00597002766282651,NA
"AT5G22540",173.693084165535,3.86019868898257,0.660887510067634,5.84093152038464,5.19097407040906e-09,2.76446690165442e-07,NA
"AT5G46295",141.395044949888,5.86358482651479,0.72999900283779,8.03231895347905,9.56473211565319e-16,1.53620225257519e-13,NA
"AT5G12930",219.686547800459,2.61651709966313,0.575275763274382,4.54828321772208,5.40853171914707e-06,0.000158626748406347,NA
"AT5G24770",51.2192769890726,-4.10208942634167,1.06403308728352,-3.85522731893075,0.00011562214244503,0.00236109515303742,"ATVSP2"
"AT5G02780",139.921592706818,2.6009652620817,0.687516082466397,3.78313370176155,0.000154866170287259,0.00302821781454148,"GSTL1"
"AT5G01100",6491.13670669852,3.89191226734867,0.437145287076432,8.90301778929668,5.43484653703052e-19,1.54908435732235e-16,"FRB1"
"AT5G64310",5133.80231182667,2.59212073271173,0.564549955304595,4.59148160115112,4.40110446567097e-06,0.000132734949436339,"AGP1"
"AT5G38212",53.0071585562082,2.52368416976966,0.565062159714186,4.46620628612995,7.96188424712114e-06,0.000224063317425068,NA
"AT5G02515",61.2729720184254,-2.97121201810338,0.695987691879098,-4.26905827900692,1.9629997942465e-05,0.000500948636017232,NA
"AT5G08990",16.096508276927,5.865967538045,1.02608117852228,5.71686496237355,1.08507276459342e-08,5.53113791865918e-07,NA
"AT3G18710",128.654511438255,4.36926056294118,0.499093654009095,8.75439013869241,2.05210082749011e-18,5.19104555573968e-16,"ATPUB29"
"AT3G12910",27.4874774616021,3.63793845344907,0.76345601765591,4.76509238163958,1.88767142159487e-06,6.28302739454202e-05,NA
"AT3G18010",14.2477873159735,3.88638972719492,0.902186961841428,4.30774317472126,1.64928727993437e-05,0.00042900548437059,"WOX1"
"AT3G13600",178.92741547447,3.55827197262827,0.455721407719348,7.80799829096376,5.81033734875073e-15,8.22264314172507e-13,NA
"AT3G61190",802.550984235156,3.90172875922791,0.734759249446913,5.31021387231929,1.09496664047073e-07,4.6357405655243e-06,"BAP1"
"AT3G11430",4.01846868372876,-29.2794633141061,6.49805742980651,-4.5058794309514,6.60986126933962e-06,0.00019000534447106,"ATGPAT5"
"AT3G09940",933.094941079912,2.59401437045779,0.529525767925379,4.8987500280125,9.64482527444357e-07,3.43026940384735e-05,"AtMDAR3"
"AT3G09520",172.294728499813,2.31540976228963,0.58802310210588,3.93761699837554,8.22948093130595e-05,0.00176606580707146,"ATEXO70H4"
"AT3G46620",2843.62075128803,3.94301051587465,0.461658929935808,8.54096013354038,1.33111136262128e-17,2.89652695111471e-15,"AtRDUF1"
"AT3G49570",33.2110864650787,-4.61465363941223,1.16027221113687,-3.97721637656963,6.97267126600065e-05,0.0015287751723733,"LSU3"
"AT3G28850",430.343333104887,2.31206442341964,0.316361885370252,7.30829006381009,2.70563244288119e-13,2.8817833550835e-11,NA
"AT3G23250",1029.41743285523,4.054190164237,0.598394435807254,6.77511340620632,1.24308712452653e-11,1.01436911850981e-09,"ATMYB15"
"AT3G19710",491.764185257317,-4.30512224374534,0.892670063392656,-4.82274741843971,1.41594226498671e-06,4.85101856548622e-05,"BCAT4"
"AT3G57640",408.143635926006,2.03449102194954,0.310442283228149,6.55352421968358,5.61948139502591e-11,3.97627430038949e-09,"ZRK15"
"AT3G57460",500.416261708432,2.24733798695087,0.631925950072563,3.55633122313273,0.000376069890061416,0.0064169699537714,NA
"AT3G57450",2720.81815904095,3.37785522117809,0.478153870809085,7.06436866329747,1.61347863379426e-12,1.53295620244575e-10,NA
"AT3G15210",4450.0824445201,2.54190451736899,0.319659215021817,7.95192003833053,1.836427779186e-15,2.77341708711843e-13,"ATERF-4"
"AT3G16510",799.313452764677,2.03095354151958,0.269344713529253,7.54035048584314,4.68710011319791e-14,5.71402680667386e-12,NA
"AT3G55980",15363.0792016681,4.67474219598079,0.467487506942014,9.99971577114386,1.52835088076057e-23,9.97717315288765e-21,"AtC3H47"
"AT3G44260",3085.6303958844,4.86154703210176,0.498664682302644,9.74913043701628,1.86055076318787e-22,8.96475376062689e-20,"AtCAF1a"
"AT3G23550",2232.20067945,2.17404228198656,0.502831663731304,4.32359860923215,1.53504477671106e-05,0.000403962303592999,"DTX18"
"AT3G25250",101.464913829611,3.73464821586328,1.03547500493317,3.60670049790755,0.000310115255420783,0.00546672685013099,"AGC2"
"AT3G48630",138.721769116279,3.83997748020908,0.756919939694337,5.07316200675035,3.91259120141484e-07,1.49113198009477e-05,NA
"AT3G05130",89.3706010894068,-2.00143693505223,0.485873706367579,-4.11925343730802,3.80101903895549e-05,0.00090546686957305,NA
"AT3G21520",137.306015010016,3.97308728338745,0.985226629850846,4.03266331117029,5.51482646487507e-05,0.00125366686536077,"AtDMP1"
"AT3G49620",196.226229845252,2.82105461235754,0.750170718367407,3.76055015649903,0.000169540075602477,0.00326139021860011,"DIN11"
"AT3G18690",339.971759531905,2.00629989095731,0.336591117134409,5.96064420249139,2.51245476786809e-09,1.42023874685326e-07,"MKS1"
"AT3G28580",406.522889361921,3.43283660572775,0.557657191064404,6.15581877313457,7.46905960071835e-10,4.55275178131739e-08,NA
"AT3G50760",688.848593761531,2.58273116495304,0.456422965264549,5.65863543578717,1.52581281623287e-08,7.5681063632609e-07,"GATL2"
"AT3G04220",300.043128449921,3.78602977223823,0.545830053287954,6.93627943245716,4.02560969956134e-12,3.65319567219833e-10,NA
"AT3G10815",120.731706625766,2.02442600199101,0.580248861330567,3.48889267503051,0.00048502584737629,0.00789024764739065,"BTL03"
"AT3G55950",884.535045275244,3.07986601318742,0.383235550778386,8.03648306356738,9.24537215945248e-16,1.50885964831322e-13,"ATCRR3"
"AT3G58990",170.886397764039,-3.26522211810604,0.735551408235488,-4.43914875499861,9.03153795549559e-06,0.00024900713025254,"IPMI"
"AT3G23240",31.798786082199,3.14236352548321,0.902745716918881,3.48089552416628,0.00049974037849633,0.00807705326184403,"AtERF#092"
"AT3G22160",589.065605888102,2.3254159883601,0.481068684930746,4.83385441871957,1.33914534166486e-06,4.61674348880269e-05,"JAV1"
"AT3G26200",269.912645820792,2.97004050223703,0.496726888858828,5.97922232287515,2.24205389468751e-09,1.29635556190832e-07,"CYP71B22"
"AT3G50060",1801.18542389945,3.34276945664372,0.446495293323572,7.4866846451195,7.06351466590797e-14,8.35931849672395e-12,"MYB77"
"AT3G13380",851.670606456902,2.08257090027412,0.459302921818691,4.53419911205402,5.7822464027594e-06,0.000167923208305022,"BRL3"
"AT3G09830",3659.64570874241,2.01039061190765,0.302107554264223,6.65455260396886,2.84163109685261e-11,2.12985512988912e-09,"PBL39"
"AT3G49530",2231.06788153193,2.37787792932552,0.277399516860366,8.57203342038431,1.01673571450256e-17,2.26106380817455e-15,"ANAC062"
"AT3G15356",13706.0217959277,2.20314870871229,0.442551836200761,4.97828396245281,6.41504932722506e-07,2.35183610933068e-05,NA
"AT3G52520",349.970321384922,3.05957610288778,0.280502818847602,10.9074700762635,1.06169955197449e-27,1.53468670237912e-24,NA
"AT3G44990",3.08388761694568,-6.08492710605795,1.76822463000506,-3.44126362838896,0.000579004106287033,0.00909728734389028,"AtXTH31"
"AT3G13850",11.0938407706695,4.79270382852404,1.04934207442411,4.56734171376319,4.93948414678573e-06,0.000147000500997798,"LBD22"
"AT3G03030",139.936162599839,3.26460030312076,0.424129758473902,7.697173418973,1.39109046976855e-14,1.79308903418511e-12,"PAM18-3"
"AT3G25780",2089.51593330496,3.12006004485431,0.548192344305844,5.69154253477422,1.25896784143387e-08,6.33772166424537e-07,"AOC3"
"AT3G19010",8045.75852308905,2.53675346825071,0.416267111707522,6.09405210477711,1.10087801537216e-09,6.55249070502543e-08,NA
"AT3G48640",241.477412366671,2.61528418199699,0.68303141599988,3.82893688450408,0.000128698004404565,0.00257867476746058,NA
"AT3G56880",3988.19416601178,2.46072425081048,0.32117508298708,7.66162875377686,1.83589695104923e-14,2.30764264586232e-12,NA
"AT3G19580",651.243114550892,2.16478270674606,0.324771273379653,6.66556091682239,2.63656419966165e-11,1.998357666987e-09,"AZF2"
"AT3G55840",4775.19359410471,3.36752200560086,0.385285581057709,8.7403271006305,2.3243645191121e-18,5.73636155771603e-16,NA
"AT3G54150",970.662914680761,3.32202020776629,0.514785283572685,6.45321518266992,1.09501700665407e-10,7.56309186472982e-09,"EFD"
"AT3G16720",1682.55624633106,2.08135343621614,0.387834192068844,5.36660634564857,8.02319025792633e-08,3.47677304603116e-06,"ATL2"
"AT3G01830",864.330745533432,5.30234096348149,0.779376245650674,6.8033135383216,1.02239795796237e-11,8.47961781773951e-10,NA
"AT3G02840",646.338761598805,6.42172402857362,0.632179384605865,10.1580725106645,3.05047310337464e-24,2.57218434137469e-21,NA
"AT3G15518",12.6165679853388,3.23717679664433,0.87299287396376,3.7081365646734,0.000208790052353776,0.00389427123454688,NA
"AT3G53810",979.286198595384,2.22110658880372,0.252138618747494,8.809069391421,1.26189057086457e-18,3.49820266884743e-16,"LecRK-IV.2"
"AT3G07195",2140.07700159593,3.08837581681194,0.44535450987082,6.93464587954381,4.07239977972002e-12,3.67915867599081e-10,"NOI11"
"AT3G47820",734.030274865535,2.12162087378237,0.241165371144113,8.79736947189884,1.40060569652238e-18,3.83027803790855e-16,"PUB39"
"AT3G23230",54.2613296418032,4.98619078125778,0.734460889511118,6.78891259216914,1.12981862731924e-11,9.33230186165695e-10,"AtERF98"
"AT3G11820",7281.0441182342,2.24074690452015,0.29149658393586,7.6870434440947,1.50574017323847e-14,1.92858632188778e-12,"AT-SYR1"
"AT3G24420",881.595692291586,2.44807791979259,0.343767282074922,7.1213231957864,1.0689579724711e-12,1.04002415812007e-10,"DLK2"
"AT3G03910",16.5202643047123,-5.27481370160651,1.49111639837733,-3.53749291963169,0.000403945016137747,0.00679520805617588,"GDH3"
"AT3G45640",11666.1492740926,2.01305569829989,0.278840626451838,7.21937733362392,5.22261541267511e-13,5.36497807646224e-11,"ATMAPK3"
"AT3G21150",182.740114994041,5.13606084667969,0.553196283444113,9.28433722421882,1.6271669390681e-20,5.58118260100358e-18,"AtBBX32"
"AT3G56710",1270.69802227145,2.89856869019234,0.535633746475725,5.41147511571828,6.25076817405709e-08,2.76193876721383e-06,"SIB1"
"AT3G09405",264.780116226456,2.02096385246338,0.49797399139485,4.05837229932946,4.94159433332159e-05,0.00114028557039258,"AtPAE4"
"AT3G16530",4740.60425337637,2.13297270837016,0.415664147953838,5.13148107401131,2.87471134238982e-07,1.12091586581778e-05,NA
"AT3G10930",516.968527742638,5.33804368390632,0.536223405595995,9.95488751180724,2.40094245808489e-23,1.47235977346254e-20,"IDL7"
"AT3G59700",943.580032031057,2.29580459716564,0.434346248173307,5.28565541160056,1.25255480809028e-07,5.17305135741288e-06,"ATHLECRK"
"AT3G46930",652.76577346229,2.60068711972952,0.323591534530673,8.03694424052678,9.21065569388281e-16,1.50885964831322e-13,"Raf43"
"AT3G52450",1408.72726502176,2.17678943753309,0.563816787979257,3.86080990127094,0.000113011804713268,0.00231714274770254,"AtPUB22"
"AT3G46080",428.856160761923,3.49979501140923,0.899932746920716,3.88895172820904,0.000100678138222908,0.00208966511099179,"ZAT8"
"AT3G11840",1078.99264950436,2.67738628031108,0.414514787779247,6.4590850778934,1.05337882754658e-10,7.30042031954112e-09,"PUB24"
"AT3G48090",2657.2607677522,2.04907659228329,0.433449892696965,4.72736670791113,2.27450275266678e-06,7.36465795291484e-05,"ATEDS1"
"AT3G12830",503.148177306762,2.34644927830252,0.345675975549531,6.78800218780696,1.13696927498531e-11,9.33231542167208e-10,"SAUR72"
"AT3G50800",290.039479599873,4.65382576572506,0.560095496308391,8.30898622895308,9.65231217027074e-17,1.8086466795349e-14,NA
"AT3G25882",816.958782178421,2.14812323464704,0.598340259362763,3.59013655028796,0.000330504776198637,0.00575101045221996,"NIMIN-2"
"AT3G59080",1397.81877521502,2.23013359024671,0.235937316603914,9.45222918674879,3.31690205519616e-21,1.22248263803019e-18,NA
"AT3G23880",188.723141292355,-2.11163189828552,0.380880520662661,-5.54407953079794,2.95504508851825e-08,1.38749994098246e-06,NA
"AT3G60550",15.5274951104058,3.67168332749891,0.77236465606013,4.75382100759031,1.99607770437879e-06,6.60042884044341e-05,"CYCP3;2"
"AT3G43250",119.391064152511,2.81458873203672,0.801423194617156,3.51198811182556,0.000444767893790468,0.00731769745255098,NA
"AT3G29639",26.6043397550388,-2.0670674057657,0.536257320743987,-3.85461853070446,0.000115910216974458,0.0023645917952743,NA
"AT3G21070",1599.85593550951,2.04794773972132,0.282777292749466,7.24226376102893,4.41256620736793e-13,4.62679286728005e-11,"ATNADK-1"
"AT3G23170",581.035213467928,2.06227345526951,0.434362050031898,4.74782144323628,2.05619437934975e-06,6.74575967105077e-05,"HRM1"
"AT3G02800",335.244437226888,3.19114272359332,0.475595417317571,6.70978442473613,1.94912149987063e-11,1.54079577315945e-09,"AtPFA-DSP3"
"AT3G44350",166.865937738729,2.66300292529063,0.722865512318667,3.68395348776396,0.000229644162929325,0.00423252178980032,"anac061"
"AT3G08720",2535.60546711313,2.32638013934722,0.274080092868311,8.48795735217804,2.10300713116096e-17,4.52750588439409e-15,"ATPK19"
"AT3G46110",742.35103540099,2.56440878689565,0.444141652401238,5.77385339346412,7.74788563546142e-09,4.02035798986751e-07,"AuxRP3"
"AT3G02020",263.528802014502,-4.30023140606234,0.962345847919938,-4.46848855362869,7.87742270563515e-06,0.000222027024086265,"AK3"
"AT3G50930",5640.08140138333,4.47579300507376,0.460559317469852,9.71816839937613,2.52278448785324e-22,1.16030885637923e-19,"AtBCS1"
"AT3G53150",125.079150895832,2.92774871316202,0.850900400780506,3.44076546500211,0.000580071101315995,0.009101476813139,"UGT73D1"
"AT3G09032",50.9818621553258,3.06292187601637,0.495856684304761,6.17703052709854,6.5318447403326e-10,4.03002871982045e-08,NA
"AT3G28340",1288.56198839359,3.39018736148282,0.401052891667188,8.45321759778296,2.83382832680311e-17,5.62237096563869e-15,"GATL10"
"AT3G25600",1023.13862537567,2.56692096932308,0.383340856272941,6.69618415913232,2.13932096245237e-11,1.67479693542037e-09,"CML16"
"AT3G46090",2230.30849261274,4.55550061423807,0.666972322717836,6.83011942036054,8.48439746761114e-12,7.21423325848935e-10,"ZAT7"
"AT3G04640",1960.65899846726,3.57865591807585,0.445411681526471,8.03449048711842,9.39685695985261e-16,1.5213135543723e-13,NA
"AT3G16860",1077.07280325109,2.30843885188266,0.395908746914175,5.83073465760805,5.51838756250844e-09,2.92344526446291e-07,"COBL8"
"AT3G44720",2901.84089514446,2.13873492695536,0.457599756865992,4.6738113271806,2.95660962924393e-06,9.36352254569786e-05,"ADT4"
"AT3G52400",15119.9747615696,3.40597411409803,0.439818769064326,7.74403994023248,9.63067349772497e-15,1.28221012877276e-12,"ATSYP122"
"AT3G57530",5122.33237281941,2.49006722267705,0.26152877727047,9.52119781488465,1.71194271632958e-21,6.92891695007234e-19,"ATCPK32"
"AT3G22740",146.928099116982,-2.96751040187382,0.626884316135355,-4.73374484812135,2.20414781214362e-06,7.15976553360359e-05,"HMT3"
"AT3G45730",781.164864125077,2.11085225043519,0.296086043252486,7.12918524374745,1.00964777715012e-12,9.87512134994007e-11,NA
"AT3G29000",389.669463779137,5.56681946122167,0.633871722345396,8.7822492548237,1.60237501618501e-18,4.21133288344624e-16,NA
"AT3G52870",1754.91876181362,2.01372028777168,0.356005348167159,5.6564326860229,1.54551552855824e-08,7.6470899147758e-07,NA
"AT3G08170",2.86994606927047,6.25611604504853,1.64327202068133,3.80710921035132,0.000140600666341359,0.00278681261973563,NA
"AT3G19002",6.86105501936234,6.40619186410453,1.50368574241425,4.2603262659251,2.0412870293318e-05,0.000519616674372172,NA
"AT3G03265",77.660723153112,-2.62851173719566,0.694063323082045,-3.78713533734003,0.000152394104072784,0.00299940140525595,NA
"AT3G09005",6.83767910584806,-3.02156002180932,0.856377098681134,-3.52830549352929,0.000418229183201348,0.00698325410927861,NA
"AT2G41835",634.97049836958,2.24817761628195,0.42582544999208,5.27957550757889,1.2948351226983e-07,5.31512746004979e-06,NA
"AT2G31865",2325.80452471505,2.12324734746182,0.466332860784493,4.55307254970187,5.28680306988715e-06,0.000155960690561671,"atPARG2"
"AT2G33580",1253.08673345313,2.90605056373377,0.32537356731769,8.9314279204996,4.20545015802091e-19,1.23341586736042e-16,"AtLYK5"
"AT2G26695",22.0117214490077,-2.32201155589603,0.600654760637422,-3.86580063634539,0.000110725360681032,0.00227718406920939,NA
"AT2G46940",144.241185727711,2.47218710994416,0.499215024261899,4.95214885329091,7.33984235954786e-07,2.66672154093663e-05,NA
"AT2G25735",2541.15484934418,3.12992943196604,0.448089277768226,6.98505763752062,2.84739059922514e-12,2.61921107075087e-10,NA
"AT2G36440",4.06893200834168,7.335025790563,2.02862554551254,3.61576132509451,0.000299466200119507,0.00530209754314826,NA
"AT2G24850",3144.87535985814,3.03960034353428,0.852809479470964,3.56421969584564,0.00036494020277167,0.00626403298005961,"TAT"
"AT2G32200",199.263044073337,3.60652459419291,0.578173119155672,6.23779362046381,4.43785599647113e-10,2.83308806941913e-08,"AthCYSTM5"
"AT2G25460",794.645179681472,3.39352235264317,0.564636913800851,6.01009652344494,1.85412902054624e-09,1.07512919738665e-07,NA
"AT2G35658",90.4203705807739,2.74144987689098,0.575292308738333,4.7653164056777,1.88557521175854e-06,6.28302739454202e-05,NA
"AT2G14290",22.9693870738468,3.08812799054902,0.76009204833944,4.06283422816434,4.84804595904317e-05,0.00112303373306274,"AtFDB13"
"AT2G04515",103.978600587215,3.73186284723705,0.749351408468218,4.9801238845544,6.35435835051994e-07,2.33381397349314e-05,NA
"AT2G30020",1098.01590955378,3.74160674497963,0.481022677260702,7.77844147865772,7.34234525036344e-15,1.01079619613337e-12,"AP2C1"
"AT2G04495",785.0057725996,3.90680266605804,0.592841318752825,6.58996352392724,4.39934646860979e-11,3.16831225926179e-09,NA
"AT2G18690",12027.3811111814,2.94615582879063,0.555928205887459,5.29952572578597,1.16103877012286e-07,4.85453338656535e-06,NA
"AT2G46140",68.5305413781359,2.0772875852648,0.546803007034048,3.79896883986129,0.000145299356963968,0.00286870545061447,"LEA27"
"AT2G41640",1646.59651935153,2.87057917837994,0.453577144554713,6.3287562277814,2.47145193526738e-10,1.6452227899344e-08,"GT61"
"AT2G01180",3162.67988117332,3.20682574048972,0.328685270451735,9.75652403310423,1.72982656446592e-22,8.53817077685288e-20,"ATLPP1"
"AT2G36770",143.305660756639,2.12124846197904,0.544315970702743,3.89709024932777,9.73553466460815e-05,0.00202919375449072,NA
"AT2G25297",295.94578569606,3.43379885732806,0.605464432613559,5.67134694024167,1.41679148336816e-08,7.06197272140925e-07,NA
"AT2G26560",10844.2114154011,2.79491227527174,0.453619860833074,6.16135340754012,7.21258210974669e-10,4.43650529346334e-08,"PLA"
"AT2G31880",9797.12797890503,2.14134640684415,0.324658247786175,6.59569384559259,4.2327158657995e-11,3.05919539200659e-09,"EVR"
"AT2G24600",7726.41205838608,4.16095870983162,0.411129424358845,10.1208000773008,4.46748622844059e-24,3.47725072326739e-21,NA
"AT2G46400",1731.29218385427,4.02716263194282,0.516307560423075,7.79992961684092,6.19417128593591e-15,8.70496141065868e-13,"ATWRKY46"
"AT2G32100",229.600691784235,-3.45782754661051,0.524876775275672,-6.5878844511541,4.46137625309777e-11,3.20159117850849e-09,"ATOFP16"
"AT2G18680",174.843805189311,3.39979055316643,0.495506910299432,6.86123741667287,6.82665956076093e-12,5.90389356970593e-10,NA
"AT2G29100",128.842964950817,3.05598234318686,0.630568681023511,4.8463909406768,1.25727650403041e-06,4.35676448836702e-05,"ATGLR2.9"
"AT2G47190",234.29367115037,2.24719913297706,0.559601657056838,4.01571207775894,5.92665756560431e-05,0.00133264187950149,"ATMYB2"
"AT2G15390",4877.8053206542,2.3180990175328,0.470350806838928,4.92844698856154,8.28858166987383e-07,2.99528620095065e-05,"atfut4"
"AT2G35930",2878.57590220299,3.55629459873103,0.452552989060356,7.858294353806,3.89399371187289e-15,5.66926264368141e-13,"AtPUB23"
"AT2G32130",54.787780021536,4.19200875922442,0.88300320612863,4.74744455074352,2.06002840179344e-06,6.74575967105077e-05,"CHIQL7"
"AT2G20562",179.01864621148,2.63689178577676,0.422281520287501,6.24439303898852,4.25448947246104e-10,2.73327312552997e-08,"TAX2"
"AT2G26530",3137.39629796754,3.08667753596453,0.311692151213428,9.90296843840306,4.04099157466974e-23,2.27159851379421e-20,"AR781"
"AT2G37430",311.000692400907,6.63430042794275,0.711302859007162,9.32697000150248,1.08940682637358e-20,3.80109068022797e-18,"ZAT11"
"AT2G23270",24.5243696448164,5.66819379225487,1.39567054817903,4.06126918680796,4.88066564293523e-05,0.00112880034989806,"PIP3"
"AT2G19500",3.08632852683938,-48.7438622891984,6.53907938979572,-7.45423925656317,9.03878417026114e-14,1.03830708810674e-11,"ATCKX2"
"AT2G31945",50.0486641901113,2.59189581481033,0.675309641360644,3.838085014732,0.000123997555130269,0.0024968542519117,NA
"AT2G41100",29136.7107595613,2.36069188160319,0.318481286976272,7.4123409385088,1.24089245239737e-13,1.38740003089313e-11,"ATCAL4"
"AT2G38470",8125.63738441913,4.25124987626541,0.435045921304348,9.77195663280644,1.48554923059829e-22,7.51576494490441e-20,"ATWRKY33"
"AT2G25295",20.9028625441411,7.47094493057443,1.40587096694162,5.31410428570625,1.07183225997145e-07,4.54731015619334e-06,"LCR81"
"AT2G20142",2350.30334116402,2.90615181808569,0.435193186786922,6.67784309663052,2.42484439426379e-11,1.85175758515911e-09,NA
"AT2G32140",1099.74652433056,2.71601867517583,0.462704587431095,5.86987626436769,4.36120504960258e-09,2.35983172697346e-07,NA
"AT2G20150",33.5009143768031,4.25127815883678,0.639490968047863,6.647909620701,2.97284747051897e-11,2.19389575241765e-09,NA
"AT2G24610",45.5595636345698,5.10337678508163,1.28265262884834,3.97876764940153,6.92733981170345e-05,0.00152048346821521,"ATCNGC14"
"AT2G21200",13.5492938614531,-2.89175847788307,0.752840282670124,-3.8411314384331,0.000122468512329317,0.00247344838723392,"SAUR7"
"AT2G29110",671.109396918255,3.77371742340778,0.503724081066774,7.49163592777994,6.8020388003554e-14,8.09722701192895e-12,"ATGLR2.8"
"AT2G35000",49.6838125061404,3.19261099842879,0.639420356190867,4.99297679142983,5.94557045473962e-07,2.19163040605766e-05,"ATL2G"
"AT2G35710",1576.83791472815,4.26960549556029,0.328702809775268,12.9892576777162,1.40785940030382e-38,9.49695022798281e-35,"PGSIP7"
"AT2G33710",40.8493066488275,2.62503362172011,0.539066489652916,4.86959154780752,1.11829164572224e-06,3.90867810475898e-05,NA
"AT2G27660",3309.81078787363,2.6313283967101,0.745163764423885,3.53120820192389,0.000413665999876088,0.00693024830140187,NA
"AT2G02010",523.150223927211,2.87281200679889,0.789038291160382,3.64090315892534,0.0002716833200106,0.00489586406683394,"GAD4"
"AT2G43100",138.829882220897,-3.56895450673276,0.748028420149081,-4.77114827538434,1.831786273675e-06,6.15883280779218e-05,"ATLEUD1"
"AT2G27080",2542.01684928794,3.02326509510208,0.37794748350344,7.99916715168328,1.25263576269011e-15,1.96508449066355e-13,"NHL13"
"AT2G30766",39.2510546483109,-3.18048787715364,0.768293705448264,-4.13967712425546,3.47794979198589e-05,0.000835905818769816,"FEP1"
"AT2G34555",11.4389350604838,5.01088468230098,1.44713083731092,3.46263416762804,0.000534915149441755,0.0085236833694904,"ATGA2OX3"
"AT2G26390",45.0656795890113,2.86376802983794,0.761004447455582,3.7631423041126,0.000167791658606836,0.00324007614048334,"SERP4"
"AT2G26190",2877.31582024064,2.74386771371499,0.31864882479464,8.61094565618856,7.24603353409515e-18,1.64761775988184e-15,"IQM4"
"AT2G18210",54.7561670559635,3.70560871321613,0.60248481840585,6.15054288508217,7.72181751931824e-10,4.69268531947277e-08,NA
"AT2G32030",336.726884509542,5.3783588536578,0.587356769489876,9.15688578566813,5.3416560990905e-20,1.68904835120773e-17,NA
"AT2G39650",521.704428200851,3.84205329796952,0.439407985273475,8.74370386231905,2.25590271500353e-18,5.63613620290449e-16,NA
"AT2G44840",174.892788048318,7.48564579790848,0.812360039793188,9.2146898311421,3.1217953428782e-20,1.018964070223e-17,"ATERF13"
"AT2G17040",1932.40269608511,3.01642362289988,0.401161523278999,7.5192246710112,5.51020259329387e-14,6.63749820717191e-12,"anac036"
"AT2G22500",8713.44195015358,4.49355888029527,0.419054886215486,10.7230795490226,7.93175940572715e-27,9.44205971139414e-24,"ATPUMP5"
"AT2G40140",7066.12723073533,3.76092620301133,0.433123073628541,8.68327372057027,3.84537503643085e-18,9.26414935860132e-16,"AtC3H29"
"AT2G46790",423.914195625038,-3.16450449495253,0.840113728756726,-3.76675726944213,0.000165381650969841,0.0032010360569491,"APRR9"
"AT2G41010",540.162805071453,2.00473951532453,0.355996750190987,5.63134218008736,1.78812556954567e-08,8.69862912281148e-07,"ATCAMBP25"
"AT2G08965",3.46779902772457,4.90447722579765,1.38889968215749,3.53119616110729,0.000413684832143769,0.00693024830140187,NA
"AT2G09225",39.2263926437286,2.23323973290221,0.48365054271954,4.61746557823511,3.88455090483228e-06,0.000119289312080563,NA
"AT4G03450",1539.28568044092,2.85122498695083,0.587409927901742,4.85389308474161,1.21061021188712e-06,4.20947059415113e-05,NA
"AT4G23200",1581.38226644308,2.2426036983297,0.45699928108868,4.90723681881357,9.23684773762956e-07,3.29675639623297e-05,"CRK12"
"AT4G17490",477.017001940741,5.30141417796087,0.534849166564449,9.9119798802604,3.69255107449737e-23,2.13503303127438e-20,"ATERF6"
"AT4G30280",13889.0305999789,2.57580456275528,0.633066455340496,4.06877436172144,4.72610874407535e-05,0.00109807419809246,"ATXTH18"
"AT4G34150",22713.7020027028,3.03296063106512,0.320517209841656,9.46270757992522,3.00070632647835e-21,1.16779411401812e-18,NA
"AT4G16260",1429.63647969286,2.58769036369043,0.696403758329531,3.71579034825651,0.000202569498931686,0.00379222844577293,NA
"AT4G35480",938.419283491808,2.07859410753531,0.256600964394912,8.10049218808207,5.47372786825093e-16,9.30855721594908e-14,"ATL45"
"AT4G18197",825.876826467723,2.05294823870633,0.284873749954005,7.20651951623411,5.74001000477084e-13,5.80802912332737e-11,"ATPUP7"
"AT4G37095",19.137239921144,2.06747013418368,0.410575451202714,5.03554250047674,4.76497387622278e-07,1.78289598460969e-05,NA
"AT4G22030",4.5390540461907,7.51476579530698,1.78801429726863,4.20285554024179,2.635688047411e-05,0.000650775272407502,"AtFDB27"
"AT4G17660",115.206589400849,2.82243867033413,0.72424638920609,3.89706971605071,9.73635981425352e-05,0.00202919375449072,"PBL20"
"AT4G01390",106.03778915681,-5.95651552693601,1.34817118545488,-4.41821898524426,9.95175635626928e-06,0.000272891183444202,NA
"AT4G31550",4079.31611059481,2.22168682016012,0.390580924697294,5.6881600704949,1.2841542610543e-08,6.43253212399896e-07,"ATWRKY11"
"AT4G18205",4592.63705617814,2.48823010007574,0.325475679676396,7.64490330752103,2.09102401881607e-14,2.61210204128277e-12,"AtPUP21"
"AT4G18253",767.1137434979,2.05050626380022,0.55108620957619,3.72084481188007,0.000198557432192524,0.00373905999762796,NA
"AT4G33050",9676.6468742636,2.9194388529066,0.492176960901771,5.93168531813756,2.99840879285379e-09,1.66243284221869e-07,"AtIQM1"
"AT4G11000",421.823037054125,2.37505212920753,0.41526294360309,5.71939337663996,1.06905033534048e-08,5.4632251606781e-07,NA
"AT4G23810",4724.66959284269,3.94085943578798,0.484341680180572,8.1365275735071,4.06776237552815e-16,7.03583822167207e-14,"ATWRKY53"
"AT4G38860",304.248762910165,-2.38776669426306,0.454634065562867,-5.25206286798339,1.50405103604581e-07,6.0996955544006e-06,"SAUR16"
"AT4G23180",4134.92340211129,2.42984997174625,0.253325982628824,9.5917913611984,8.65687351119877e-22,3.57528876012509e-19,"CRK10"
"AT4G39580",122.471360825301,4.02357681642168,0.399420168807315,10.0735444292566,7.23237007072417e-24,5.04694734900845e-21,NA
"AT4G00970",3264.96312885971,2.34995117967959,0.349660707479311,6.72066128510776,1.80901670829778e-11,1.43564984807146e-09,"CRK41"
"AT4G11170",470.283820714589,3.70815345653899,0.902934136551489,4.1067817755803,4.01209949291404e-05,0.000948181590765741,"RMG1"
"AT4G23190",2776.53282205846,2.81834082029398,0.413015365080273,6.82381591238432,8.86534734482298e-12,7.5017738498044e-10,"AT-RLK3"
"AT4G11280",1139.01161693756,4.02966054605008,0.458217733089376,8.79420470893057,1.44064714307459e-18,3.88725016458674e-16,"ACS6"
"AT4G14310",28.1450114325886,-2.49613632210932,0.546330119900582,-4.56891580966385,4.90253649327909e-06,0.00014611580414505,NA
"AT4G19170",3524.14298554973,-2.01961710874618,0.389145340896156,-5.18987868156212,2.10431138422542e-07,8.36639479028877e-06,"CCD4"
"AT4G02380",9523.17248778719,2.04921938187897,0.517916474703618,3.95665996732707,7.60049980793959e-05,0.00164680208365389,"AtLEA5"
"AT4G34760",309.718774910764,-2.08953920340935,0.481119661002741,-4.3430758972817,1.40501567318995e-05,0.000372651404696527,"SAUR50"
"AT4G13395",192.082696617339,3.18942708186057,0.635618739215009,5.01783047774759,5.2258257221017e-07,1.94760654029783e-05,"DVL10"
"AT4G38850",61.8666048154465,-2.56756901029869,0.487914308267959,-5.26233596102822,1.42236551691719e-07,5.79163198508113e-06,"ATSAUR15"
"AT4G12030",93.1242676600417,-3.08355622639586,0.867624719839543,-3.55402071412411,0.000379389330684402,0.00646815660072473,"BASS5"
"AT4G11070",42.7209521141261,3.48001309938,0.753420572083607,4.61895152365686,3.8568394133307e-06,0.00011879887246206,"AtWRKY41"
"AT4G13770",1408.45450999257,-2.79935545376194,0.589703448375369,-4.74705627290149,2.06398542487863e-06,6.74779855303212e-05,"CYP83A1"
"AT4G20830",5735.41905016508,3.01991211902638,0.437500068013411,6.90265519897886,5.10394108199882e-12,4.51041291163363e-10,"AtBBE19"
"AT4G08040",645.179006485781,3.55971027485218,0.516962282799759,6.88582202858889,5.74547842404026e-12,5.01169167531477e-10,"ACS11"
"AT4G25490",33.4385180091148,2.16958866613784,0.578046633908072,3.75331078648384,0.000174514270204359,0.00333739951389121,"ATCBF1"
"AT4G04830",130.777835420527,-2.2025340598604,0.520609830931495,-4.23068088422291,2.32985003826392e-05,0.000579940654666014,"ATMSRB5"
"AT4G01950",2317.4541921092,2.07351595919311,0.35694544240071,5.80905570679724,6.28261840768651e-09,3.26841513409645e-07,"ATGPAT3"
"AT4G34380",119.918094503197,2.3890067808559,0.688507740131276,3.46983285968637,0.000520782330535225,0.00835219654849277,NA
"AT4G22710",1433.46017913101,3.60225505293669,0.279176590679927,12.9031414996634,4.32115354121189e-38,2.18617960533763e-34,"CYP706A2"
"AT4G37290",20.8498039833548,4.54543601187244,0.956337246998744,4.75296348242976,2.0045656431769e-06,6.61768269510128e-05,"PIP2"
"AT4G38560",576.264360916625,3.09681548415552,0.584158376630309,5.30132855753839,1.14962976861166e-07,4.82677544136809e-06,NA
"AT4G23220",3413.9032889564,2.26793992410442,0.407889839260164,5.56017754258855,2.69500350611968e-08,1.28025319139305e-06,"CRK14"
"AT4G02410",860.426001969256,2.97458405650232,0.281762228099921,10.5570717429429,4.71129879254065e-26,5.01802914024448e-23,"AtLPK1"
"AT4G14370",1298.78893440407,3.96787722054438,0.478516682767093,8.2920352903885,1.11326887082725e-16,2.06690111366341e-14,"PRAF7"
"AT4G11521",306.975101670777,3.22424660500334,0.381152545960433,8.4592025927017,2.69211993584109e-17,5.5708539889443e-15,NA
"AT4G04540",405.351480980968,3.0441245475439,0.804897370227902,3.78200334619304,0.000155571270430679,0.00303889555956144,"CRK39"
"AT4G24110",552.604397192543,3.99798672916135,0.546739389493335,7.31241759052022,2.62378198397674e-13,2.80939026506547e-11,"HUP40"
"AT4G36550",334.546670803031,2.04888199778891,0.323224114394424,6.3388896636861,2.31426892039442e-10,1.55079007092788e-08,"PUB5"
"AT4G16820",22.0808107925738,3.96174783589361,0.730380343073532,5.42422571125351,5.8206294047434e-08,2.60601940849098e-06,"DALL1"
"AT4G36500",5355.68490126789,3.180839064834,0.398705983664733,7.97790651546563,1.48836049823265e-15,2.28181450020713e-13,NA
"AT4G27980",8.04555167864371,5.83727514947194,1.58541851331642,3.68185125911099,0.000231546492716929,0.00426370006652639,NA
"AT4G28460",43.1998057127967,7.46721930235531,1.24963757399398,5.97550798547872,2.29374303244722e-09,1.31671180886862e-07,"PIP1"
"AT4G35590",23.2879802526674,3.22676173470833,0.685203496177778,4.70920208771254,2.48688409111856e-06,8.01386518343411e-05,"RKD5"
"AT4G29780",4885.32973747962,4.65009970871815,0.448003115877059,10.3796146587388,3.07011861882643e-25,2.95857097567574e-22,NA
"AT4G39830",1251.23374969203,2.80376127465462,0.450854682215186,6.21876934022042,5.01069251863628e-10,3.17538043310131e-08,"AO"
"AT4G23140",2346.56375483924,2.03850782926551,0.496582767927097,4.10507162335681,4.04189630468637e-05,0.000951114599045791,"CRK6"
"AT4G17500",2550.16906789052,2.66533089432459,0.494673364555966,5.38806227563328,7.12213759338264e-08,3.10626505338975e-06,"AtERF#100"
"AT4G21390",994.186119748231,3.32938269649287,0.532193315913883,6.25596488519524,3.95065637891099e-10,2.56248183141095e-08,"B120"
"AT4G30430",29.1420574744137,4.12703371758986,0.757471013973837,5.44843781670095,5.08141505134089e-08,2.29537045522289e-06,"TET9"
"AT4G27657",66.8910994135234,2.15352306845473,0.480699480302078,4.47997794193875,7.46507535165012e-06,0.000212476413349288,NA
"AT4G07960",173.390929792686,2.60813064964473,0.563973756753817,4.6245603069492,3.75393857015168e-06,0.00011619902125739,"ATCSLC12"
"AT4G37640",6665.55016180627,2.08436338669312,0.383484194952967,5.43533061890272,5.4694920687387e-08,2.45969135544589e-06,"ACA2"
"AT4G22690",6503.59555642381,2.23003981600422,0.218028545992111,10.2282011094314,1.48247466785885e-24,1.36367453879361e-21,"CYP706A1"
"AT4G02200",592.846400939492,2.35026959079475,0.241634815910662,9.72653539986432,2.32372858426698e-22,1.0936115199956e-19,"AtDIL9-5"
"AT4G27280",3341.15256599648,4.11491337018562,0.506816034520138,8.11914598179927,4.69475536718611e-16,8.05150545472418e-14,"CMI1"
"AT4G15975",97.5824838021941,3.49673876278514,0.470737044859148,7.42822091648092,1.10068020057287e-13,1.24438353178733e-11,"ATL17"
"AT4G24570",5769.90776926394,5.70872053570629,0.705830747606672,8.08794538218036,6.06796029201541e-16,1.01485382173154e-13,"DIC2"
"AT4G39570",211.913945102974,2.07163039515451,0.245043930424232,8.45411837611324,2.81203921653952e-17,5.62237096563869e-15,NA
"AT4G18540",38.663926520867,3.58840166705124,0.658720365275251,5.44753412254348,5.10729194690489e-08,2.30192131691569e-06,NA
"AT4G11470",111.041068894308,3.45937668670673,0.752903325671527,4.59471564111004,4.33339793714342e-06,0.000131258431343873,"CRK31"
"AT4G18880",1967.24211477167,2.66886621058896,0.387501178451561,6.88737572683944,5.68309806675643e-12,4.9787383366645e-10,"AT-HSFA4A"
"AT4G18170",1085.62118018997,2.18746780675585,0.451516573204098,4.8447121026653,1.26795400660586e-06,4.38625388575776e-05,"ATWRKY28"
"AT4G12720",15136.2878747656,2.79538190268529,0.395662702842739,7.06506295033916,1.60543198077603e-12,1.53250599032852e-10,"AtNUDT7"
"AT4G34390",6491.16059990001,2.02998348280308,0.326579330578715,6.21589700488958,5.10322706374835e-10,3.20726726984706e-08,"XLG2"
"AT4G35730",320.786226892935,2.08782831570171,0.506862305480725,4.11912326706076,3.8031666706384e-05,0.00090546686957305,"ISTL3"
"AT4G14450",227.490594316181,5.98262995131371,0.71037327285456,8.42181171494973,3.70706492107248e-17,7.2134493084369e-15,"HRML2"
"AT4G14365",23776.9921782603,2.80939393259436,0.438950970790401,6.40024540220426,1.55127419474233e-10,1.0605789148311e-08,"XBAT34"
"AT4G39670",1342.62697433725,4.68904086365658,0.804305885701842,5.82992235542936,5.5453171954762e-09,2.9300413599178e-07,"GLTP"
"AT4G22590",901.658496577551,2.20020893689478,0.399244775691181,5.51092730790461,3.56948127339844e-08,1.65298838740879e-06,"TPPG"
"AT4G04075",6.47177208436145,4.18567515854387,0.963842490976093,4.34269623691834,1.40744673061525e-05,0.000372807584914409,NA
